Hostname,Target,Sample Date YMD,Sample Time HHMM,Count in seconds,Incoming traffic in bps (avg day),Outgoing traffic in bps (avg day),Peak inbound traffic in bps,Peak outbound traffic in bps
sites,GigabitEthernet1/0,11/23/2020,1:00,1606089600,55192,117222.6,601766.4,2346130.7
sites,GigabitEthernet1/0,11/24/2020,1:00,1606176000,5351484.2,1745443.2,46186475.3,21301345.1
sites,GigabitEthernet1/0,11/25/2020,1:00,1606262400,7087875.1,1063973.7,77554496.2,14717147.1
sites,GigabitEthernet1/0,11/26/2020,1:00,1606348800,5238180.8,2139920.4,72566815.4,32529461.6
sites,GigabitEthernet1/0,11/27/2020,1:00,1606435200,6030543.9,5191834.1,35059495.4,70644815.9
sites,GigabitEthernet1/0,11/28/2020,1:00,1606521600,6570295.3,1751558.6,34331796.6,9816187.6
sites,GigabitEthernet1/0,11/29/2020,1:00,1606608000,2411974,165846.7,2916197.9,4180638.5
sites,GigabitEthernet1/0,11/30/2020,1:00,1606694400,2421910,132328.4,3740660.9,1116713
sites,GigabitEthernet1/0,12/1/2020,1:00,1606780800,7929242.8,5249932.7,73237532.9,61834460
sites,GigabitEthernet1/0,12/2/2020,1:00,1606867200,2249303.6,501304.2,42292298.3,5018504.7
sites,GigabitEthernet1/0,12/3/2020,1:00,1606953600,6540372.9,21154647.2,35620386.3,81354042.5
sites,GigabitEthernet1/0,12/4/2020,1:00,1607040000,7467102.9,1707529.7,53205329.8,15183377.7
sites,GigabitEthernet1/0,12/5/2020,1:00,1607126400,6172590.5,1214692.2,60515609,9820842.5
sites,GigabitEthernet1/0,12/6/2020,1:00,1607212800,2525691.2,151141.1,4900285.9,1015027.8
sites,GigabitEthernet1/0,12/7/2020,1:00,1607299200,2100336.5,121410.8,4330261.6,4993272.7
sites,GigabitEthernet1/0,12/8/2020,1:00,1607385600,9091324.7,2855432.2,102520387.3,19798302.5
sites,GigabitEthernet1/0,12/9/2020,1:00,1607472000,7856070.4,3906382.3,56691962.3,40785902.4
sites,GigabitEthernet1/0,12/10/2020,1:00,1607558400,6504018.6,1704942.2,55685276.3,10994122.2
sites,GigabitEthernet1/0,12/11/2020,1:00,1607644800,7170737.4,2162537.4,50416015.9,16852019.9
sites,GigabitEthernet1/0,12/12/2020,1:00,1607731200,4274473.1,1258504.2,23815160.6,13231535
sites,GigabitEthernet1/0,12/13/2020,1:00,1607817600,183713.5,280292.5,2341864.7,1516927.5
sites,GigabitEthernet1/0,12/14/2020,1:00,1607904000,174613.9,53373.3,2269040.2,1519908.7
sites,GigabitEthernet1/0,12/15/2020,1:00,1607990400,5023580,1489301.8,71736450.3,16211980.4
sites,GigabitEthernet1/0,12/16/2020,1:00,1608076800,8717747.1,1903855,97173010.2,11847732.6
sites,GigabitEthernet1/0,12/17/2020,1:00,1608163200,5730485.3,28753426,74660065,98349692.2
sites,GigabitEthernet1/0,12/18/2020,1:00,1608249600,9446342.6,55096162.3,75131263.8,88309610.4
sites,GigabitEthernet1/0,12/19/2020,1:00,1608336000,6140743.7,61680350.1,41481120.9,79435311
sites,GigabitEthernet1/0,12/20/2020,1:00,1608422400,1184671.2,36119781.4,2874272.4,83756153
sites,GigabitEthernet1/0,12/21/2020,1:00,1608508800,216019.2,127190.3,1030314.6,5966992.6
sites,GigabitEthernet1/0,12/22/2020,1:00,1608595200,2152519.9,8450219.2,17439797.9,98151390.8
sites,GigabitEthernet1/0,12/23/2020,1:00,1608681600,4695453.2,6539724.5,85475973.5,15701148.6
sites,GigabitEthernet1/0,12/24/2020,1:00,1608768000,1439729.9,271533.8,9109621.2,7661319.7
sites,GigabitEthernet1/0,12/25/2020,1:00,1608854400,176759.4,63034.5,732792.3,1155335.5
sites,GigabitEthernet1/0,12/26/2020,1:00,1608940800,172465.4,56862,796714,776432.6
sites,GigabitEthernet1/0,12/27/2020,1:00,1609027200,171455.1,74173.2,641752,1895454
sites,GigabitEthernet1/0,12/28/2020,1:00,1609113600,174967.1,67246.6,799583.8,1702345.9
sites,GigabitEthernet1/0,12/29/2020,1:00,1609200000,3747874.6,226440.6,84060082.4,3954302.5
sites,GigabitEthernet1/0,12/30/2020,1:00,1609286400,792615.6,294958.9,5919624.2,46624220.9
sites,GigabitEthernet1/0,12/31/2020,1:00,1609372800,2717200.7,3602005.5,79557224.3,93046311.7
sites,GigabitEthernet1/0,1/1/2021,1:00,1609459200,1145494.7,1159272.3,19998775.6,48268824.1
sites,GigabitEthernet1/0,1/2/2021,1:00,1609545600,173892.5,63022.9,807085.2,1099338.8
sites,GigabitEthernet1/0,1/3/2021,1:00,1609632000,173011.9,62939.9,665553.7,1395642.3
sites,GigabitEthernet1/0,1/4/2021,1:00,1609718400,233955,87371.5,1785431.3,4310488.3
sites,GigabitEthernet1/0,1/5/2021,1:00,1609804800,8111284,2948242,92257804.2,20283651
sites,GigabitEthernet1/0,1/6/2021,1:00,1609891200,4244402.1,596366,80167118.6,5000290.8
sites,GigabitEthernet1/0,1/7/2021,1:00,1609977600,4249787.4,1842728.5,74339983.1,76011134.9
sites,GigabitEthernet1/0,1/8/2021,1:00,1610064000,4353688.4,2701977.7,77140772.5,66658246
sites,GigabitEthernet1/0,1/9/2021,1:00,1610150400,4367895.3,2915561.4,25930934.2,51371396.1
sites,GigabitEthernet1/0,1/10/2021,1:00,1610236800,467335,186223.9,6911001.9,3581004.3
sites,GigabitEthernet1/0,1/11/2021,1:00,1610323200,322078.3,99827.9,1964847.2,811317.4
sites,GigabitEthernet1/0,1/12/2021,1:00,1610409600,8167561.4,2883851.2,57519589.9,66618114.3
sites,GigabitEthernet1/0,1/13/2021,1:00,1610496000,12589375.4,6768890.4,83807083.9,99271943.6
sites,GigabitEthernet1/0,1/14/2021,1:00,1610582400,7089149.9,968670.5,106394999.8,9883918.2
sites,GigabitEthernet1/0,1/15/2021,1:00,1610668800,8912577.8,1797193.9,95174114.9,28216699.8
sites,GigabitEthernet1/0,1/16/2021,1:00,1610755200,8388737.1,1228102.4,59928802.6,6979097.3
sites,GigabitEthernet1/0,1/17/2021,1:00,1610841600,381948.3,2465369.7,5944305,66062161.9
sites,GigabitEthernet1/0,1/18/2021,1:00,1610928000,232977.6,74027,7577871,4034793.2
sites,GigabitEthernet1/0,1/19/2021,1:00,1611014400,7580608.6,21573331.4,87452004.9,67293450.9
sites,GigabitEthernet1/0,1/20/2021,1:00,1611100800,8402809.8,4159507.3,105117204.6,24472590.5
sites,GigabitEthernet1/0,1/21/2021,1:00,1611187200,10197644.9,1105511.6,81310731.6,9912624.6
sites,GigabitEthernet1/0,1/22/2021,1:00,1611273600,9017208.1,2072065.6,74278753.1,11198247.6
sites,GigabitEthernet1/0,1/23/2021,1:00,1611360000,35673878.6,1702601.9,109728405.3,7332113
sites,GigabitEthernet1/0,1/24/2021,1:00,1611446400,2674177.2,1730585.6,8295338.5,62433069.5
sites,GigabitEthernet1/0,1/25/2021,1:00,1611532800,2518622.2,181111.3,3192700.2,1353348.3
sites,GigabitEthernet1/0,1/26/2021,1:00,1611619200,10244566.1,938313.8,78157626.5,7617280.2
sites,GigabitEthernet1/0,1/27/2021,1:00,1611705600,5297851.3,858144.8,45719414.3,9284217.4
sites,GigabitEthernet1/0,1/28/2021,1:00,1611792000,4829766.8,1417812.3,45224017,12096509.1
sites,GigabitEthernet1/0,1/29/2021,1:00,1611878400,5752974.1,1609559.8,61792629.9,20196738.7
sites,GigabitEthernet1/0,1/30/2021,1:00,1611964800,7888128.4,3241604.1,81795946.6,30241234.2
sites,GigabitEthernet1/0,1/31/2021,1:00,1612051200,826155.4,48049136.2,5817697.4,101983988
sites,GigabitEthernet1/0,2/1/2021,1:00,1612137600,214501,5774304.3,1989959.3,79700957.1
sites,GigabitEthernet1/0,2/2/2021,1:00,1612224000,5286523.7,2729142,53797505.8,70175458.5
sites,GigabitEthernet1/0,2/3/2021,1:00,1612310400,5624819.5,2255491.9,105907077.5,13474945.4
sites,GigabitEthernet1/0,2/4/2021,1:00,1612396800,7944651.4,2857284.9,107958624.6,13377112.1
sites,GigabitEthernet1/0,2/5/2021,1:00,1612483200,10028924.6,3077236.9,91317145.8,21682206.3
sites,GigabitEthernet1/0,2/6/2021,1:00,1612569600,5994508.1,3093322.6,54058776.1,23658251.6
sites,GigabitEthernet1/0,2/7/2021,1:00,1612656000,313657,3514041.2,5864027.9,98426305.1
sites,GigabitEthernet1/0,2/8/2021,1:00,1612742400,98994.5,103452.4,765806.4,5346633.4
sites,GigabitEthernet1/0,2/9/2021,1:00,1612828800,13609699.8,2334957.2,98653646.2,18791447.4
sites,GigabitEthernet1/0,2/10/2021,1:00,1612915200,4889672.4,4933326,72063074.8,40695579.7
sites,GigabitEthernet1/0,2/11/2021,1:00,1613001600,4728267.8,1606286,80702619.8,73051133
sites,GigabitEthernet1/0,2/12/2021,1:00,1613088000,11081474.3,3558583.7,71336026.8,49809997.1
sites,GigabitEthernet1/0,2/13/2021,1:00,1613174400,9275553.1,3324619.3,68718042.5,55382123.2
sites,GigabitEthernet1/0,2/14/2021,1:00,1613260800,292066,2560887.6,5929620.9,82515870.2
sites,GigabitEthernet1/0,2/15/2021,1:00,1613347200,89683,81292.9,719019.8,1295816.3
sites,GigabitEthernet1/0,2/16/2021,1:00,1613433600,8932937.1,2028764.7,67912003.3,23700015.7
sites,GigabitEthernet1/0,2/17/2021,1:00,1613520000,8196054.2,22597545.6,86742634.3,99569459.2
sites,GigabitEthernet1/0,2/18/2021,1:00,1613606400,4508297.2,1219923.3,33632046.2,10714484.7
sites,GigabitEthernet1/0,2/19/2021,1:00,1613692800,40508162.7,12472023.4,109948700.8,106596169.9
sites,GigabitEthernet1/0,2/20/2021,1:00,1613779200,19149442.8,811968.1,109882991.9,7914839.3
sites,GigabitEthernet1/0,2/21/2021,1:00,1613865600,374601.8,10600808.8,5834250.7,106158718.3
sites,GigabitEthernet1/0,2/22/2021,1:00,1613952000,81897.7,69967.2,720929.2,753514
sites,GigabitEthernet1/0,2/23/2021,1:00,1614038400,6684494.6,1758878.6,76004694.3,30166951.4
sites,GigabitEthernet1/0,2/24/2021,1:00,1614124800,27326054.7,3589349.3,109503210.4,100753443
sites,GigabitEthernet1/0,2/25/2021,1:00,1614211200,4975014,1064816.9,59601853.2,19054607.7
sites,GigabitEthernet1/0,2/26/2021,1:00,1614297600,27935638.2,4498408.9,99349802.8,100257364.7
sites,GigabitEthernet1/0,2/27/2021,1:00,1614384000,7731568,550243.5,100126868.5,4081532
sites,GigabitEthernet1/0,2/28/2021,1:00,1614470400,274719.9,1255831.7,5857329.8,53831263.2
sites,GigabitEthernet1/0,3/1/2021,1:00,1614556800,72829,72474.4,691204.7,747061.8
sites,GigabitEthernet1/0,3/2/2021,1:00,1614643200,6403914.9,1136526.2,78914440.2,6797708.4
sites,GigabitEthernet1/0,3/3/2021,1:00,1614729600,6849569.6,37020885.9,70156391.3,106841289.9
sites,GigabitEthernet1/0,3/4/2021,1:00,1614816000,8650012.1,5411920.8,109257969.7,105636478.8
sites,GigabitEthernet1/0,3/5/2021,1:00,1614902400,7004443.4,1431465.9,107030573.2,15719195.5
sites,GigabitEthernet1/0,3/6/2021,1:00,1614988800,3233601.1,2060456,33236878.2,63526948.3
sites,GigabitEthernet1/0,3/7/2021,1:00,1615075200,249702.3,1811290.7,5713279.6,64674105.1
sites,GigabitEthernet1/0,3/8/2021,1:00,1615161600,90501.4,103562.1,975405.7,4136686.8
sites,GigabitEthernet1/0,3/9/2021,1:00,1615248000,5375389.9,1698519.3,107977142.3,17379781.7
sites,GigabitEthernet1/0,3/10/2021,1:00,1615334400,6327194.9,1909295.7,62555328.6,12464528.6
sites,GigabitEthernet1/0,3/11/2021,1:00,1615420800,4038896.7,1402317.5,64555779.1,14902369.7
sites,GigabitEthernet1/0,3/12/2021,1:00,1615507200,26950562.5,2759924.5,109760808.5,37753214.8
sites,GigabitEthernet1/0,3/13/2021,1:00,1615593600,25539168.9,2719069.6,109746980.9,27636741.4
sites,GigabitEthernet1/0,3/14/2021,1:00,1615680000,249010.5,1670941.4,5890173,69814240.8
sites,GigabitEthernet1/0,3/15/2021,1:00,1615766400,93760.4,92551,752447,754793.3
sites,GigabitEthernet1/0,3/16/2021,1:00,1615852800,6927983.2,1109320.2,82744992.2,11381839.8
sites,GigabitEthernet1/0,3/17/2021,1:00,1615939200,25487763.4,2159685.3,109530888.3,13934613.3
sites,GigabitEthernet1/0,3/18/2021,1:00,1616025600,6850468,3458944.7,86160249.2,56376735.6
sites,GigabitEthernet1/0,3/19/2021,1:00,1616112000,6791084.4,1609266.7,40973045.5,13018749.7
sites,GigabitEthernet1/0,3/20/2021,1:00,1616198400,24456066.3,2471028.8,109858224.6,71367353.8
sites,GigabitEthernet1/0,3/21/2021,1:00,1616284800,251856.4,2094625.4,5919594.3,64588835
sites,GigabitEthernet1/0,3/22/2021,1:00,1616371200,100405.3,881826.4,885376.4,9333482.9
sites,GigabitEthernet1/0,3/23/2021,1:00,1616457600,6601660.6,2319631.1,76470326.2,18909050.4
sites,GigabitEthernet1/0,3/24/2021,1:00,1616544000,11661348,2031242.2,109729120.2,18003235.6
sites,GigabitEthernet1/0,3/25/2021,1:00,1616630400,8059807.2,2020841.8,55075556.1,25319766.8
sites,GigabitEthernet1/0,3/26/2021,1:00,1616716800,8214265.3,1956656.5,75205397.9,17213408.6
sites,GigabitEthernet1/0,3/27/2021,1:00,1616803200,8999988.1,980370.6,109592723.5,13690875.7
sites,GigabitEthernet1/0,3/28/2021,1:00,1616889600,2251905.1,1715706.9,8418927.9,66489217.7
sites,GigabitEthernet1/0,3/29/2021,2:00,1616976000,2459351.1,239496.8,3242660.3,2059843
sites,GigabitEthernet1/0,3/30/2021,2:00,1617062400,7183451.3,18263440.6,50680978.9,105142913.5
sites,GigabitEthernet1/0,3/31/2021,2:00,1617148800,69478643.8,4851075.7,109759714.8,34390915.8
sites,GigabitEthernet1/0,4/1/2021,2:00,1617235200,6426873.5,10781863.6,97494597.3,104577925.1
sites,GigabitEthernet1/0,4/2/2021,2:00,1617321600,5960960.5,2814475.5,36140509.1,94912988.1
sites,GigabitEthernet1/0,4/3/2021,2:00,1617408000,12890557.8,1905928.3,81671979.7,19728239.6
sites,GigabitEthernet1/0,4/4/2021,2:00,1617494400,235295.7,2957940.9,5913614.8,73731728.6
sites,GigabitEthernet1/0,4/5/2021,2:00,1617580800,104794.7,163214.1,724802,5198215.2
sites,GigabitEthernet1/0,4/6/2021,2:00,1617667200,161600.4,1377088.8,5402318.3,37378603.4
sites,GigabitEthernet1/0,4/7/2021,2:00,1617753600,4671818.1,1293530.1,94350361.7,9829066.9
sites,GigabitEthernet1/0,4/8/2021,2:00,1617840000,3835874.7,2195579.7,85971818.3,10976394.8
sites,GigabitEthernet1/0,4/9/2021,2:00,1617926400,4714736.2,1942946.5,49579263.9,13488551
sites,GigabitEthernet1/0,4/10/2021,2:00,1618012800,6444407.4,1515167.8,102324116.5,9954594.6
sites,GigabitEthernet1/0,4/11/2021,2:00,1618099200,226414.3,1445279.8,5936233.8,67909864.6
sites,GigabitEthernet1/0,4/12/2021,2:00,1618185600,78412.2,206334.1,708688.3,23541657.2
sites,GigabitEthernet1/0,4/13/2021,2:00,1618272000,2538316.9,970034,31044386.7,12247548.2
sites,GigabitEthernet1/0,4/14/2021,2:00,1618358400,18789900.2,15478419.9,105966581.5,101316363.2
sites,GigabitEthernet1/0,4/15/2021,2:00,1618444800,5341895.3,14473451.5,38750519.5,101034258.3
sites,GigabitEthernet1/0,4/16/2021,2:00,1618531200,14781825,3861612.7,109089179.1,58398557.9
sites,GigabitEthernet1/0,4/17/2021,2:00,1618617600,2620420.4,1368030.2,36347064.1,35148621
sites,GigabitEthernet1/0,4/18/2021,2:00,1618704000,242616,1696723.7,5903554.6,54806214.1
sites,GigabitEthernet1/0,4/19/2021,2:00,1618790400,218776.3,1076453.5,25379998.9,3636445.2
sites,GigabitEthernet1/0,4/20/2021,2:00,1618876800,3984102.8,718468.3,71840440.9,31035702.3
sites,GigabitEthernet1/0,4/21/2021,2:00,1618963200,6882255.4,1977056.9,68367631.1,19940230.8
sites,GigabitEthernet1/0,4/22/2021,2:00,1619049600,23683894.2,2726213.9,109506136.2,57889582.4
sites,GigabitEthernet1/0,4/23/2021,2:00,1619136000,4526479.1,1008818.6,52695024.5,86750323.6
sites,GigabitEthernet1/0,4/24/2021,2:00,1619222400,13848074.6,1134800.4,109627680.8,7284048.9
sites,GigabitEthernet1/0,4/25/2021,2:00,1619308800,319657.1,1913975.9,5983627.2,81995918.3
sites,GigabitEthernet1/0,4/26/2021,2:00,1619395200,191496.3,365616.4,1215598.7,17120060.1
sites,GigabitEthernet1/0,4/27/2021,2:00,1619481600,6023455.3,1497809.9,49592736.8,10125715.7
sites,GigabitEthernet1/0,4/28/2021,2:00,1619568000,8026791.8,2571225.4,96895353,15018835.9
sites,GigabitEthernet1/0,4/29/2021,2:00,1619654400,7436919.7,2457316.8,95432836.4,78311139.4
sites,GigabitEthernet1/0,4/30/2021,2:00,1619740800,7966964.8,3670163.4,107734875.8,58289277.7
sites,GigabitEthernet1/0,5/1/2021,2:00,1619827200,6018374,3984787.6,106666930.3,18157001.5
sites,GigabitEthernet1/0,5/2/2021,2:00,1619913600,1875598.6,26505866.7,7340232.4,102431872.8
sites,GigabitEthernet1/0,5/3/2021,2:00,1620000000,1251710.7,159285.9,3980128.6,5431915.6
sites,GigabitEthernet1/0,5/4/2021,2:00,1620086400,7771281.7,3837655.7,107374117.5,43005599.5
sites,GigabitEthernet1/0,5/5/2021,2:00,1620172800,25069471.7,2991153.2,109956047,21701203.9
sites,GigabitEthernet1/0,5/6/2021,2:00,1620259200,7850869.3,2867454.3,77397031.7,47322944.7
sites,GigabitEthernet1/0,5/7/2021,2:00,1620345600,19339240.6,3250018.8,104409915.3,63691259.8
sites,GigabitEthernet1/0,5/8/2021,2:00,1620432000,5353954.5,1957383.5,26354846.6,12877785.7
sites,GigabitEthernet1/0,5/9/2021,2:00,1620518400,1206885.6,8405200.9,7373013.7,106317481.8
sites,GigabitEthernet1/0,5/10/2021,2:00,1620604800,130032.3,488287,1544020.6,30958269.2
sites,GigabitEthernet1/0,5/11/2021,2:00,1620691200,5781423.7,11384362.4,63644234.5,101220782
sites,GigabitEthernet1/0,5/12/2021,2:00,1620777600,11626932.3,2173579.7,109118669.1,47778532.8
sites,GigabitEthernet1/0,5/13/2021,2:00,1620864000,10918171,2766208.4,104048418.6,22674351.4
sites,GigabitEthernet1/0,5/14/2021,2:00,1620950400,1406510,321350.7,8476413,15258511.3
sites,GigabitEthernet1/0,5/15/2021,2:00,1621036800,1619331.7,319622.8,13252974.4,5589343.5
sites,GigabitEthernet1/0,5/16/2021,2:00,1621123200,1826649.9,3389587.5,19738440.5,94733575.3
sites,GigabitEthernet1/0,5/17/2021,2:00,1621209600,1263160.9,419591.4,1667410,3280615.7
sites,GigabitEthernet1/0,5/18/2021,2:00,1621296000,12854599.3,5169227.4,107835176.3,53306925.5
sites,GigabitEthernet1/0,5/19/2021,2:00,1621382400,6792526.5,9182337.4,71031022,98751561.3
sites,GigabitEthernet1/0,5/20/2021,2:00,1621468800,4870395,1450471.6,75028497.7,38191987.1
sites,GigabitEthernet1/0,5/21/2021,2:00,1621555200,4905242.6,3384606.6,37845511.3,38256203.4
sites,GigabitEthernet1/0,5/22/2021,2:00,1621641600,3104743,3988136.2,28404742.8,13346561.2
sites,GigabitEthernet1/0,5/23/2021,2:00,1621728000,213412.3,1985248.5,5916224.1,77100806.4
sites,GigabitEthernet1/0,5/24/2021,2:00,1621814400,101799.8,167023.6,6886081.3,2741084.1
sites,GigabitEthernet1/0,5/25/2021,2:00,1621900800,109337,641294.2,5405707,47860155.5
sites,GigabitEthernet1/0,5/26/2021,2:00,1621987200,8755543.8,1612622,86039716.9,11606962.9
sites,GigabitEthernet1/0,5/27/2021,2:00,1622073600,6403454.1,1284630.7,83301049.4,21602953.9
sites,GigabitEthernet1/0,5/28/2021,2:00,1622160000,15225336,2860219.2,109124798.5,41365312.1
sites,GigabitEthernet1/0,5/29/2021,2:00,1622246400,10784336.3,10787684.8,95962580.5,101152615.7
sites,GigabitEthernet1/0,5/30/2021,2:00,1622332800,3743666,2825082.3,84874606.2,79413359.2
sites,GigabitEthernet1/0,5/31/2021,2:00,1622419200,2579184.4,441171.6,3226311,3400129.2
sites,GigabitEthernet1/0,6/1/2021,2:00,1622505600,8940186.7,33770626.8,79534015.6,96415804.4
sites,GigabitEthernet1/0,6/2/2021,2:00,1622592000,7750057.3,67668493.5,80323598.2,102041931.6
sites,GigabitEthernet1/0,6/3/2021,2:00,1622678400,9577612.8,4080472.6,70154548.5,67164951.1
sites,GigabitEthernet1/0,6/4/2021,2:00,1622764800,7117750.9,1756429.9,94649460.6,20100150.2
sites,GigabitEthernet1/0,6/5/2021,2:00,1622851200,6978136.6,2364887,108965315.6,78438879
sites,GigabitEthernet1/0,6/6/2021,2:00,1622937600,2740645.2,2213646.2,8603102,80235556.3
sites,GigabitEthernet1/0,6/7/2021,2:00,1623024000,2599394.7,246885.5,4651369.4,5658219.7
sites,GigabitEthernet1/0,6/8/2021,2:00,1623110400,7699953.1,2163700.6,70717723.2,19385090.2
sites,GigabitEthernet1/0,6/9/2021,2:00,1623196800,8155251,1940013.9,68973228.1,9058627.8
sites,GigabitEthernet1/0,6/10/2021,2:00,1623283200,7447837.3,4938828,41699293.8,44834305.3
sites,GigabitEthernet1/0,6/11/2021,2:00,1623369600,6890554.4,2691492.6,78504006.2,11245492.8
sites,GigabitEthernet1/0,6/12/2021,2:00,1623456000,4927279.7,2089917.5,45326736.7,10877137.7
sites,GigabitEthernet1/0,6/13/2021,2:00,1623542400,209283.1,2064557.3,5909854.4,81492706.9
sites,GigabitEthernet1/0,6/14/2021,2:00,1623628800,78599.6,88658.7,545810.8,1069098.8
sites,GigabitEthernet1/0,6/15/2021,2:00,1623715200,5316311.8,2961486.2,60229329.8,12912301.9
sites,GigabitEthernet1/0,6/16/2021,2:00,1623801600,6332605.2,10786071.3,45661220.3,103198649.7
sites,GigabitEthernet1/0,6/17/2021,2:00,1623888000,5477104.1,3234438,50093456.3,16236464.8
sites,GigabitEthernet1/0,6/18/2021,2:00,1623974400,5751119.4,1939030.7,54861674.4,19850844.9
sites,GigabitEthernet1/0,6/19/2021,2:00,1624060800,5623020.2,2217500.7,88210994,25398804.4
sites,GigabitEthernet1/0,6/20/2021,2:00,1624147200,757882.4,1775819.2,23564865.6,74374151.7
sites,GigabitEthernet1/0,6/21/2021,2:00,1624233600,878381.9,318577.8,20337913.6,3139300.5
sites,GigabitEthernet1/0,6/22/2021,2:00,1624320000,9329978.9,2387893.2,103661254,28624354.1
sites,GigabitEthernet1/0,6/23/2021,2:00,1624406400,10314905.8,11128523.6,54713085.3,96661852.8
sites,GigabitEthernet1/0,6/24/2021,2:00,1624492800,15327906.8,2378739.6,91825584,15051316.9
sites,GigabitEthernet1/0,6/25/2021,2:00,1624579200,21279842.6,8240419.6,109405107.3,82756685.3
sites,GigabitEthernet1/0,6/26/2021,2:00,1624665600,10922614,2092529.5,80289365.5,54811712.5
sites,GigabitEthernet1/0,6/27/2021,2:00,1624752000,256542.1,5430802.3,6323341.8,88041979.3
sites,GigabitEthernet1/0,6/28/2021,2:00,1624838400,70514,86464,1380918.3,1183978.3
sites,GigabitEthernet1/0,6/29/2021,2:00,1624924800,7406368.1,1837359.7,83851156.1,25632332.3
sites,GigabitEthernet1/0,6/30/2021,2:00,1625011200,7842547,6243240.9,64386650.2,98875772.9
sites,GigabitEthernet1/0,7/1/2021,2:00,1625097600,27215967.3,3411846.1,109744598.8,72126563.3
sites,GigabitEthernet1/0,7/2/2021,2:00,1625184000,8847226.6,2542177.1,76557516.7,19243907.2
sites,GigabitEthernet1/0,7/3/2021,2:00,1625270400,12840283.7,2044366.1,83574701.9,14140503.4
sites,GigabitEthernet1/0,7/4/2021,2:00,1625356800,229403,1972369.5,5908608,64151012.7
sites,GigabitEthernet1/0,7/5/2021,2:00,1625443200,55592.3,136868.9,366070.2,4652126.4
sites,GigabitEthernet1/0,7/6/2021,2:00,1625529600,7316463.8,2662636.6,61778980.9,14808374.5
sites,GigabitEthernet1/0,7/7/2021,2:00,1625616000,6597111.8,2732406.7,67939024.2,17387721.5
sites,GigabitEthernet1/0,7/8/2021,2:00,1625702400,5245277.9,3344382,66839097.2,44522279.3
sites,GigabitEthernet1/0,7/9/2021,2:00,1625788800,6129338.6,1523612.4,80900686.6,10435132.4
sites,GigabitEthernet1/0,7/10/2021,2:00,1625875200,5865879.4,7574405.5,83762746.6,87282340.7
sites,GigabitEthernet1/0,7/11/2021,2:00,1625961600,198702.8,2391727.5,5922524.8,72811641.9
sites,GigabitEthernet1/0,7/12/2021,2:00,1626048000,260364.3,996993.2,6923749.4,4290377.8
sites,GigabitEthernet1/0,7/13/2021,2:00,1626134400,13042047.4,2326801.1,107991683.3,11551101.1
sites,GigabitEthernet1/0,7/14/2021,2:00,1626220800,6956258,1669601,76270526.2,10759830.4
sites,GigabitEthernet1/0,7/15/2021,2:00,1626307200,2312708.8,551380.7,39466324.1,4600756.4
sites,GigabitEthernet1/0,7/16/2021,2:00,1626393600,11447661.8,2420838.2,109573486.7,97492944.7
sites,GigabitEthernet1/0,7/17/2021,2:00,1626480000,8722013.3,1178985.8,72142581.5,8999759
sites,GigabitEthernet1/0,7/18/2021,2:00,1626566400,2689151.8,1518585.2,8517096.2,59527402
sites,GigabitEthernet1/0,7/19/2021,2:00,1626652800,2589793,96030.2,3404464.1,483704.6
sites,GigabitEthernet1/0,7/20/2021,2:00,1626739200,10013000.6,4472041.5,82465642.6,34310101.1
sites,GigabitEthernet1/0,7/21/2021,2:00,1626825600,9348522.7,1711061.5,73559753.1,21846126.5
sites,GigabitEthernet1/0,7/22/2021,2:00,1626912000,10217520.9,1097893.8,106685083.7,7081689.8
sites,GigabitEthernet1/0,7/23/2021,2:00,1626998400,18986267.2,1456503.7,107209681.6,8005179.1
sites,GigabitEthernet1/0,7/24/2021,2:00,1627084800,13664623.7,753770.8,109419729,4915732.6
sites,GigabitEthernet1/0,7/25/2021,2:00,1627171200,1900216.6,1541628.7,5924325.2,78121100.6
sites,GigabitEthernet1/0,7/26/2021,2:00,1627257600,1713058.7,88371.7,3219731.3,482679.3
sites,GigabitEthernet1/0,7/27/2021,2:00,1627344000,8583051.2,4081751.4,59346796.9,81816947.4
sites,GigabitEthernet1/0,7/28/2021,2:00,1627430400,15404908.6,2694073.6,107613122.7,21939564.2
sites,GigabitEthernet1/0,7/29/2021,2:00,1627516800,6247717.6,3611840.3,41696260.1,19916957.5
sites,GigabitEthernet1/0,7/30/2021,2:00,1627603200,7360567.7,2202087.7,82607109.4,9354629.4
sites,GigabitEthernet1/0,7/31/2021,2:00,1627689600,4825914.2,3873274.7,86564733.6,15840341.2
sites,GigabitEthernet1/0,8/1/2021,2:00,1627776000,973792.5,1291777.4,6578950.2,52203961.6
sites,GigabitEthernet1/0,8/2/2021,2:00,1627862400,2312867.5,140586,3282821.9,4910441.5
sites,GigabitEthernet1/0,8/3/2021,2:00,1627948800,5564902.4,1238704.1,61391438.8,11589779.7
sites,GigabitEthernet1/0,8/4/2021,2:00,1628035200,5946821.9,1370412,39212421.2,7052493.6
sites,GigabitEthernet1/0,8/5/2021,2:00,1628121600,3027074.5,2886525.3,16466715,16345560
sites,GigabitEthernet1/0,8/6/2021,2:00,1628208000,6641474.6,3637427.4,71198567.5,14564708.4
sites,GigabitEthernet1/0,8/7/2021,2:00,1628294400,6237413.2,3885355.5,38689747.2,17419700.4
sites,GigabitEthernet1/0,8/8/2021,2:00,1628380800,1813411.3,4860648.1,8678162.5,63536053.7
sites,GigabitEthernet1/0,8/9/2021,2:00,1628467200,2235245.6,550909.7,3254657.1,3296939.8
sites,GigabitEthernet1/0,8/10/2021,2:00,1628553600,11774866.2,608887.9,93404065.5,15286496
sites,GigabitEthernet1/0,8/11/2021,2:00,1628640000,10534215,2228493,108587225.8,28993901.5
sites,GigabitEthernet1/0,8/12/2021,2:00,1628726400,6220448,625255.8,57081130.6,6847164.7
sites,GigabitEthernet1/0,8/13/2021,2:00,1628812800,10880273.1,1406526.2,84303620.6,41285951.5
sites,GigabitEthernet1/0,8/14/2021,2:00,1628899200,5819113,589594.2,37791105.2,31393480.3
sites,GigabitEthernet1/0,8/15/2021,2:00,1628985600,2845404.6,1400826.7,8617972.5,75140056.7
sites,GigabitEthernet1/0,8/16/2021,2:00,1629072000,74651.9,71311.9,445211,463825.2
sites,GigabitEthernet1/0,8/17/2021,2:00,1629158400,4652349.4,950640.1,42025967.7,14548834.9
sites,GigabitEthernet1/0,8/18/2021,2:00,1629244800,5233515.1,1294526.2,56191393.1,47290584.7
sites,GigabitEthernet1/0,8/19/2021,2:00,1629331200,6087643.1,852419.4,70958980.2,11453861.4
sites,GigabitEthernet1/0,8/20/2021,2:00,1629417600,6441975.2,1200613.2,88176520.5,45206028.5
sites,GigabitEthernet1/0,8/21/2021,2:00,1629504000,4547545.2,953800.2,21236884.2,47769755.4
sites,GigabitEthernet1/0,8/22/2021,2:00,1629590400,1471595.9,1480338.1,6574893.1,88890843.4
sites,GigabitEthernet1/0,8/23/2021,2:00,1629676800,2552009.4,104057.2,3588099.9,506384.1
sites,GigabitEthernet1/0,8/24/2021,2:00,1629763200,8077939.1,1176952,82301291.6,38762785.2
sites,GigabitEthernet1/0,8/25/2021,2:00,1629849600,6089809.6,678220,71578042.3,10768353.7
sites,GigabitEthernet1/0,8/26/2021,2:00,1629936000,5372207.3,916969.8,84539285.4,8976660.9
sites,GigabitEthernet1/0,8/27/2021,2:00,1630022400,5858570.1,841260.7,80530577.4,6626303.4
sites,GigabitEthernet1/0,8/28/2021,2:00,1630108800,4215834.9,1323733.1,85322185.9,21707736.6
sites,GigabitEthernet1/0,8/29/2021,2:00,1630195200,252291.3,2413239.3,6007746.2,104674051.7
sites,GigabitEthernet1/0,8/30/2021,2:00,1630281600,1872095.5,139182.7,14094063.1,551982.6
sites,GigabitEthernet1/0,8/31/2021,2:00,1630368000,8945062.9,1594384.6,110268105.8,18768318.3
sites,GigabitEthernet1/0,9/1/2021,2:00,1630454400,6597058,807172.8,89111507.8,5461726.4
sites,GigabitEthernet1/0,9/2/2021,2:00,1630540800,5273155.8,1427075.5,100887799.3,31371415.2
sites,GigabitEthernet1/0,9/3/2021,2:00,1630627200,7033850,2100585.9,109992243.3,25879586.6
sites,GigabitEthernet1/0,9/4/2021,2:00,1630713600,5931883.4,1433674.7,73824423.7,56594663.3
sites,GigabitEthernet1/0,9/5/2021,2:00,1630800000,258793.3,5512008.3,5930372.8,95948832.9
sites,GigabitEthernet1/0,9/6/2021,2:00,1630886400,92089.1,161916.3,3224313.1,1014648.2
sites,GigabitEthernet1/0,9/7/2021,2:00,1630972800,7353258,4993513.8,68475471.1,95664470
sites,GigabitEthernet1/0,9/8/2021,2:00,1631059200,5054331.6,18532990.3,44786612.6,77963387.8
sites,GigabitEthernet1/0,9/9/2021,2:00,1631145600,4008166.4,5188174.9,27882933.5,56529644.7
sites,GigabitEthernet1/0,9/10/2021,2:00,1631232000,6481099.9,2045699.8,74994145.7,22465929.9
sites,GigabitEthernet1/0,9/11/2021,2:00,1631318400,7948968.3,1097810.1,99102637.2,12518816.3
sites,GigabitEthernet1/0,9/12/2021,2:00,1631404800,201696.8,1636136.7,5923187.3,73226275.5
sites,GigabitEthernet1/0,9/13/2021,2:00,1631491200,82747,69423,1933915.7,615955.2
sites,GigabitEthernet1/0,9/14/2021,2:00,1631577600,9373710.9,2382141.6,119064064.7,16997412.3
sites,GigabitEthernet1/0,9/15/2021,2:00,1631664000,7956064.3,2081488.8,118162350.8,17725021.4
sites,GigabitEthernet1/0,9/16/2021,2:00,1631750400,9729123,2108811.8,113934565.9,17097652.4
sites,GigabitEthernet1/0,9/17/2021,2:00,1631836800,6932811.9,1286364.1,114577809.3,26532382.9
sites,GigabitEthernet1/0,9/18/2021,2:00,1631923200,8161320,1850392,115568190.8,69052938.4
sites,GigabitEthernet1/0,9/19/2021,2:00,1632009600,220851.5,2357197.4,5950324.2,58344181.1
sites,GigabitEthernet1/0,9/20/2021,2:00,1632096000,2712098.9,603820.2,119192799.5,12158416.6
sites,GigabitEthernet1/0,9/21/2021,2:00,1632182400,12774982,3953939.4,115755645.8,81298611.1
sites,GigabitEthernet1/0,9/22/2021,2:00,1632268800,10875177,29174076.9,103389775.1,99339554.5
sites,GigabitEthernet1/0,9/23/2021,2:00,1632355200,7322408.5,3542729.4,89723319,101390344.6
sites,GigabitEthernet1/0,9/24/2021,2:00,1632441600,8377686.4,3947779.5,117121181,83439605.9
sites,GigabitEthernet1/0,9/25/2021,2:00,1632528000,5109332.6,1621515.1,86503889.8,39405753.9
sites,GigabitEthernet1/0,9/26/2021,2:00,1632614400,316253.4,5509130,5959503.8,79827683
sites,GigabitEthernet1/0,9/27/2021,2:00,1632700800,93206.8,196148,1510762.2,24749546.7
sites,GigabitEthernet1/0,9/28/2021,2:00,1632787200,0,0,0,0
sites,GigabitEthernet1/0,9/29/2021,2:00,1632873600,0,0,0,0
sites,GigabitEthernet1/0,9/30/2021,2:00,1632960000,11304212.6,2092482,175103902.3,18380562.3
sites,GigabitEthernet1/0,10/1/2021,2:00,1633046400,31513521.3,11039166.4,175385245.7,138002173.6
sites,GigabitEthernet1/0,10/2/2021,2:00,1633132800,6218027.1,1859330.8,57225701.5,38621584.3
sites,GigabitEthernet1/0,10/3/2021,2:00,1633219200,274836.6,1575367,5993364.7,63897702.8
sites,GigabitEthernet1/0,10/4/2021,2:00,1633305600,216757.4,724812.6,2415676.4,58510328.7
sites,GigabitEthernet1/0,10/5/2021,2:00,1633392000,26095281.6,35019325.4,174964169,93136203.6
sites,GigabitEthernet1/0,10/6/2021,2:00,1633478400,31113551.9,56585094.3,175516362,100358624.5
sites,GigabitEthernet1/0,10/7/2021,2:00,1633564800,20996492.1,85162126.9,175220458.5,99868281.3
sites,GigabitEthernet1/0,10/8/2021,2:00,1633651200,30291079.8,47259053.6,175725337,96123403.2
sites,GigabitEthernet1/0,10/9/2021,2:00,1633737600,29119728.7,2877223.7,175910745,57956832.9
sites,GigabitEthernet1/0,10/10/2021,2:00,1633824000,248892.5,1834603,5973302.1,104729484.7
sites,GigabitEthernet1/0,10/11/2021,2:00,1633910400,108056.2,60900,353832.4,294804.9
sites,GigabitEthernet1/0,10/12/2021,2:00,1633996800,24072017.3,20292262.8,175311824.9,95259529.7
sites,GigabitEthernet1/0,10/13/2021,2:00,1634083200,26321370.2,6817052.8,175283772.4,148978841.4
sites,GigabitEthernet1/0,10/14/2021,2:00,1634169600,19530413.3,2979194,175534259.6,20289284.9
sites,GigabitEthernet1/0,10/15/2021,2:00,1634256000,30072138.9,10845476.6,175191568.1,156388962.4
sites,GigabitEthernet1/0,10/16/2021,2:00,1634342400,22823637.9,2737914,175543983.5,53927233.8
sites,GigabitEthernet1/0,10/17/2021,2:00,1634428800,323247.2,3354891.4,5977899.9,172428148.4
sites,GigabitEthernet1/0,10/18/2021,2:00,1634515200,134833.5,79544.8,464993.8,481779.7
sites,GigabitEthernet1/0,10/19/2021,2:00,1634601600,26369506.7,3200125.6,175145038.1,78716396.4
sites,GigabitEthernet1/0,10/20/2021,2:00,1634688000,27153522.8,2907396.5,175467867.2,18296200.5
sites,GigabitEthernet1/0,10/21/2021,2:00,1634774400,23306033.7,3079634.3,174633601.7,32676620.8
sites,GigabitEthernet1/0,10/22/2021,2:00,1634860800,28441829.6,4145807,175631011,65558963.8
sites,GigabitEthernet1/0,10/23/2021,2:00,1634947200,6893382.7,1493180,138545818.7,7813592.5
sites,GigabitEthernet1/0,10/24/2021,2:00,1635033600,251568.8,1423285.5,5974593.5,86904479.8
sites,GigabitEthernet1/0,10/25/2021,2:00,1635120000,108869.9,64234,469706.6,938128.4
sites,GigabitEthernet1/0,10/26/2021,2:00,1635206400,6232779,1959849.6,90397980.1,55616441
sites,GigabitEthernet1/0,10/27/2021,2:00,1635292800,7371004,1198758.2,111053704.4,21059382.4
sites,GigabitEthernet1/0,10/28/2021,2:00,1635379200,9359875.3,12216100,126225012.9,170019630.2
sites,GigabitEthernet1/0,10/29/2021,2:00,1635465600,26016125.5,53967757,136330395.1,167728016.8
sites,GigabitEthernet1/0,10/30/2021,2:00,1635552000,19907515.5,91102975,108500772.2,172783368.6
sites,GigabitEthernet1/0,10/31/2021,2:00,1635638400,266610.9,3167967.2,5900548.3,157077426.3
sites,GigabitEthernet1/0,11/1/2021,1:00,1635724800,123041.6,106495,461777.1,7585369.5
sites,GigabitEthernet1/0,11/2/2021,1:00,1635811200,135776.9,140821.9,5322769,20153057.3
sites,GigabitEthernet1/0,11/3/2021,1:00,1635897600,34547924,20236601.1,174601003.1,86069508.4
sites,GigabitEthernet1/0,11/4/2021,1:00,1635984000,35541623.9,3826019.9,168350366.3,122029348.4
sites,GigabitEthernet1/0,11/5/2021,1:00,1636070400,12335615.5,2739624.8,175386934.3,87811917.8
sites,GigabitEthernet1/0,11/6/2021,1:00,1636156800,33191336,1705471.9,171516969.7,8901997.9
sites,GigabitEthernet1/0,11/7/2021,1:00,1636243200,296729.8,1637743.5,5979600.8,84450622.3
sites,GigabitEthernet1/0,11/8/2021,1:00,1636329600,155162.5,88546.6,1661734.9,627862.4
sites,GigabitEthernet1/0,11/9/2021,1:00,1636416000,18742679.2,2208333.2,168790881.6,18205182.8
sites,GigabitEthernet1/0,11/10/2021,1:00,1636502400,34948993.9,36218451.7,175132525.6,94713280.5
sites,GigabitEthernet1/0,11/11/2021,1:00,1636588800,28220753.7,27824905.7,175043168,145906386.4
sites,GigabitEthernet1/0,11/12/2021,1:00,1636675200,173865.5,476455,5484391.6,52576489.9
sites,GigabitEthernet1/0,11/13/2021,1:00,1636761600,248782.2,2161992.5,5571568.2,61544276.2
sites,GigabitEthernet1/0,11/14/2021,1:00,1636848000,296449,1453617.2,5968950.6,65724313.5
sites,GigabitEthernet1/0,11/15/2021,1:00,1636934400,120789.4,68570.9,486173.7,1219493.4
sites,GigabitEthernet1/0,11/16/2021,1:00,1637020800,38905517.5,22733052.7,175089188.8,118368832.3
sites,GigabitEthernet1/0,11/17/2021,1:00,1637107200,18666334,14482005,174357752.7,149853495.8
sites,GigabitEthernet1/0,11/18/2021,1:00,1637193600,28440854.6,9821430.1,175365040.4,159933589.3
sites,GigabitEthernet1/0,11/19/2021,1:00,1637280000,27491672,6812135.1,175481504.2,88729496.2
sites,GigabitEthernet1/0,11/20/2021,1:00,1637366400,22971880.9,7349417.9,175626957.8,37371580.7
sites,GigabitEthernet1/0,11/21/2021,1:00,1637452800,311307.2,1581631.7,6464377.3,100715441.7
sites,GigabitEthernet1/0,11/22/2021,1:00,1637539200,121206.4,62317.4,1257204.4,672556.4
